codigo_rua|codigo_bairro
5|36
10020|15
3945|17
646|6
103775|38
9|28
103848|24
93|20
11|34
7673|64
94|30
105082|54
28|4
17|34
105085|54
20|14
36548|30
36551|30
29|36
35|5
36|37
38|36
41|36
42|36
44|30
45|30
32|12
48|30
103430|31
2191|8
2906|28
103901|14
53|30
55|30
56|30
36530|30
171|36
58|24
61|24
62|24
64|24
103682|33
85|14
65|36
10240|17
68|36
70|14
36524|30
103444|9
104319|9
74|4
73|30
36521|30
56|30
76|19
77|36
326|10
80|14
81|30
82|36
84|30
3546|15
86|7
177|14
87|30
71|30
90|27
7088|2
97|28
98|28
103697|33
362|9
100|30
36518|30
101|36
102|7
59|12
2|25
104|43
5328|24
106|30
107|30
108|30
109|30
110|36
111|36
103725|14
114|36
116|36
103486|24
119|15
120|36
122|20
175|36
123|16
103777|2
125|36
126|36
128|20
129|36
131|24
132|27
133|24
57|20
207|51
135|27
137|36
138|36
2051|21
139|2
140|36
3317|29
8866|29
144|24
147|25
2787|28
3988|17
151|22
153|36
154|12
158|29
2892|28
163|37
165|36
166|36
4003|9
167|14
182|36
183|21
184|36
4216|7
174|30
178|27
179|36
181|36
4291|7
187|29
188|36
733|1
659|11
191|11
194|36
195|14
103780|6
104324|31
193|35
200|24
203|30
205|9
5611|24
4321|7
1462|24
2353|8
10348|19
5786|24
2167|8
1900|27
6057|9
3104|20
6138|11
3511|15
911|1
3287|25
601|12
5050|6
482|12
369|12
4208|7
10925|11
4348|25
8629|6
36506|9
6952|16
4712|3
7797|7
7932|9
36669|30
36699|51
6022|9
6081|9
2361|8
3872|17
245|12
10704|31
8670|11
204|35
113|12
2832|24
5441|24
8718|12
9188|24
9196|51
7126|2
3177|33
6596|16
6014|9
1993|21
6189|11
5638|24
1608|5
2701|28
10550|13
8645|11
9820|8
1772|27
3087|34
1926|27
1560|5
4178|7
9544|2
7258|4
7029|2
237|12
6910|16
8610|7
2388|26
4070|7
6227|11
156|12
103493|51
3414|33
1578|5
25|17
504|12
4160|25
660|32
5794|24
7681|22
3366|24
37|38
10321|30
8726|11
2035|21
3295|29
652|32
3538|15
7045|2
6766|16
2337|8
2604|26
10305|2
393|12
9218|9
7568|25
5344|24
1810|27
520|12
7193|2
1977|21
1349|5
7347|4
4976|3
1829|27
10313|30
512|12
3570|15
3562|15
1586|5
1640|5
4062|23
3368|14
2086|21
6812|16
4631|19
1837|1
6820|2
92|4
4402|25
5484|24
2280|26
5590|24
3392|33
7665|25
423|12
1047|1
6740|16
5859|30
580|12
407|12
1381|5
1420|1
9099|5
6804|16
776|1
6758|16
2965|20
1209|5
1721|27
1918|27
6219|11
91|12
3520|15
9277|17
1292|5
1934|27
7657|7
5964|9
2396|26
3291|7
7398|4
3899|17
4399|7
3937|17
3902|17
6626|16
539|12
334|12
5220|13
5956|9
610|12
1519|23
3589|15
753|30
1233|5
3724|15
415|12
385|12
4356|25
5433|24
3198|17
4925|19
5026|6
3236|17
4615|19
814|1
7282|4
8971|11
5182|13
7037|2
8840|29
36617|30
2957|20
9048|5
4780|19
1020|5
5352|24
160|5
10780|51
5980|9
4518|19
342|12
67|12
2833|28
2523|10
2647|28
1438|23
2299|8
4453|3
199|12
2329|8
1063|12
6456|34
121|3
3120|20
6995|16
377|12
7380|4
5778|24
9358|24
10690|31
1330|5
5174|13
2680|28
3007|20
7240|16
3342|30
9170|51
6286|11
474|12
7908|24
1527|23
253|12
4046|5
2264|32
6901|16
6308|11
6898|16
3129|6
962|1
3805|5
270|12
36404|11
7789|33
7916|14
7410|25
903|1
5999|9
1357|5
103494|51
8874|29
2450|10
3210|17
4852|13
7770|19
1403|5
695|1
10682|31
5123|13
9285|13
3503|15
9315|24
4585|19
10003|14
10364|14
3345|30
5522|24
6162|11
3058|20
1195|5
1489|23
3821|5
3996|17
9439|8
4054|17
2540|10
6324|11
2426|26
3341|29
9340|24
9307|7
5913|9
10445|27
5573|24
628|12
7487|25
1152|23
2744|28
2671|28
6790|16
6120|11
5840|30
5131|13
5239|24
4763|19
5204|6
4747|19
4542|19
1632|5
1683|5
10518|13
7835|7
954|1
5743|24
1314|5
5425|24
5336|24
3953|17
3830|5
2826|24
4488|3
3929|17
7401|25
288|12
4330|25
4690|13
4941|13
1748|27
3422|33
4798|19
873|12
6928|16
4470|3
36401|11
1624|5
10844|9
1446|23
3759|5
4674|19
1373|5
8750|28
7355|4
1306|5
2590|26
7860|34
3023|20
5948|9
6570|16
3112|20
148|12
4666|19
4097|25
1004|1
2639|28
9153|15
7452|25
2060|21
78|24
2531|10
784|1
8807|30
970|1
4119|7
7312|4
6146|11
4577|19
6391|34
3970|17
4020|17
806|1
1535|5
3384|33
6235|11
8858|29
1780|27
6529|16
5875|30
79|9
5905|9
7878|34
6421|34
4909|19
6642|27
10909|27
36672|6
6448|34
9625|24
3490|15
7185|2
3597|15
3449|33
5476|24
7541|25
4828|13
127|9
4895|3
229|12
2132|35
10208|2
7703|22
9684|2
4607|19
6510|34
7533|25
36629|30
130|12
4410|13
5620|24
2469|10
5360|24
7827|29
3084|34
7207|2
2302|8
1055|32
849|5
1659|5
1039|5
1497|23
9668|11
10836|9
83|12
4500|19
5549|24
7053|2
9633|21
2663|28
7606|7
2779|28
4801|19
4682|13
9560|2
8947|19
468|12
938|1
5069|13
4658|19
10801|51
2400|8
4038|17
6863|16
4534|19
4569|19
4550|19
8688|51
4186|7
2868|28
1136|23
6111|16
6600|16
4496|3
4267|7
300|12
3072|34
5514|24
4240|7
8980|11
9072|5
5310|24
7118|2
5581|24
2248|32
920|1
3740|5
9331|24
1144|23
3856|5
5662|24
563|12
4127|25
1896|27
10542|13
5417|24
10402|27
636|8
5107|13
1500|28
3430|33
2655|28
5468|24
4887|3
75|12
8637|21
5247|24
5271|24
4275|7
7320|4
2310|8
2825|28
1845|27
666|14
5816|24
5379|24
2213|8
1225|5
1128|23
7266|4
1110|23
5085|13
7517|25
1390|5
1888|27
7169|2
4720|3
1543|5
1071|12
180|12
3244|17
1268|5
466|12
6944|16
7231|2
3063|34
1969|21
9838|8
7843|1
5140|13
3864|5
768|12
4704|19
350|12
9498|8
7002|2
5255|24
6260|11
5093|13
567|36
4771|19
5450|24
1764|27
4100|7
10224|11
5735|24
10860|9
9420|26
8769|29
5727|24
3961|17
9269|22
8793|11
1551|5
2566|10
3554|15
2698|28
103535|54
2027|21
26|36
3051|34
7444|25
4429|13
105|12
5018|6
172|3
598|12
4810|13
5670|24
2345|8
5565|24
9226|5
5930|9
1080|12
1098|25
5808|24
3880|17
6251|11
7460|25
2990|20
10232|17
2230|8
644|1
2221|8
6847|16
2914|28
7223|2
7371|4
4151|7
4623|19
6065|9
7142|2
2752|28
665|33
5603|24
103542|4
7711|22
10038|22
9374|24
10607|11
10089|22
9595|24
5972|9
6936|16
547|12
8831|2
36491|20
6782|16
9293|9
9536|2
8904|29
9463|26
7959|9
440|12
10526|13
10267|33
8653|11
8823|51
4968|19
2418|26
9323|24
7061|2
4739|19
6073|9
3465|15
3600|15
10119|11
7690|22
7886|34
4194|7
3406|33
5891|9
89|20
5042|6
1950|21
9145|15
741|1
9064|5
5921|9
8661|11
261|12
5166|13
150|4
6669|16
5824|24
3350|14
9390|11
3123|6
2515|10
10569|27
1799|27
1217|5
9129|27
9617|24
24|12
8700|21
3783|5
10674|31
3276|27
6553|16
2078|21
5867|30
1730|27
7304|4
2205|32
7630|25
3015|20
7509|25
2844|24
3767|5
103536|54
7134|2
103683|33
209|36
7924|80
103445|9
12|11
215|36
216|4
219|4
221|36
36632|30
223|24
224|58
104320|9
226|7
104006|9
228|20
230|20
231|20
232|20
233|36
234|5
236|36
238|9
239|20
241|29
242|19
243|20
103690|10
246|36
247|36
213|25
10283|51
725|1
104008|24
252|36
254|36
3732|5
255|28
667|14
256|11
257|2
258|9
259|36
260|11
830|1
262|36
668|14
104010|51
265|34
266|51
717|21
269|38
271|51
104012|16
5115|13
273|2
274|9
275|36
276|36
50|30
6430|34
6979|16
281|11
282|11
283|36
6340|11
284|36
287|6
290|36
103545|4
293|31
294|31
295|31
297|31
250|20
302|31
103726|51
301|31
303|31
304|31
305|31
306|31
307|31
308|31
309|31
310|31
311|31
312|31
313|31
299|51
314|51
316|30
317|30
319|30
321|30
322|30
104014|2
214|51
325|34
327|34
328|36
330|36
4860|3
331|27
336|51
337|36
105084|54
341|27
9528|24
344|30
345|33
346|60
348|11
349|36
351|36
1039|1
1039|15
1039|21
353|30
354|11
4305|7
355|58
356|36
357|36
4305|25
358|36
359|36
360|25
99|14
365|36
366|34
367|4
368|16
370|36
103431|9
372|14
103727|4
332|11
103446|9
4143|7
382|5
384|38
386|24
2124|8
389|64
103849|24
391|2
395|25
397|11
227|31
401|5
49|5
403|5
404|36
405|36
406|35
408|2
409|24
881|1
2817|28
5158|13
36614|30
9382|11
1594|5
822|1
103487|4
890|14
9404|11
1756|27
3910|17
7665|14
2256|32
10666|31
6332|11
989|1
7550|25
4755|19
2507|10
3054|34
9552|2
9030|5
7339|4
1012|1
10054|22
5760|24
1667|5
410|37
411|48
3156|2
263|25
4143|25
416|20
417|20
418|20
419|20
420|20
104204|15
422|27
1616|5
424|30
2884|28
429|36
2647|28
1411|25
1160|25
1160|23
1160|7
36635|30
3074|5
1942|27
434|34
636|32
444|24
3138|6
435|24
9609|24
437|9
439|11
441|30
1985|21
442|36
445|17
669|14
448|30
3150|2
3213|34
3075|34
450|34
452|34
3060|34
453|34
454|33
105073|31
457|51
3132|6
459|15
460|22
4313|25
461|11
7479|25
463|25
464|6
465|36
9102|5
469|33
470|9
471|9
3264|51
36494|20
103432|9
484|9
159|33
186|33
857|1
4950|12
6367|11
226|20
103447|9
486|34
124|14
1185|24
481|64
487|9
36611|30
489|38
491|36
433|24
495|51
496|51
103684|33
499|51
500|51
501|51
502|51
503|51
505|51
506|25
507|51
508|9
509|11
510|24
511|69
513|9
514|38
517|9
518|36
519|6
522|73
103537|54
524|58
525|1
5034|6
6839|16
18|34
530|36
531|36
532|36
537|38
538|36
541|36
542|36
543|36
544|34
545|36
546|34
548|16
549|36
550|13
30|34
3288|7
3135|6
2823|24
552|27
104205|15
554|28
556|64
558|57
559|38
561|24
103488|28
564|67
566|36
569|4
570|9
573|30
574|9
576|58
103546|4
363|4
456|31
103691|10
582|36
583|9
584|36
104412|34
3042|11
2116|35
103728|4
4933|3
10127|11
3165|2
6030|5
585|4
4950|13
6731|16
3376|14
289|51
10100|19
6723|16
6987|16
6650|16
2000|21
7|5
600|4
604|9
607|33
608|33
611|9
296|2
612|9
613|9
3848|5
614|20
54|17
7436|25
5395|51
5395|24
4380|7
164|12
8998|11
636|1
636|27
5506|24
616|19
617|14
36425|28
3321|30
3294|7
3348|33
3351|33
198|33
379|24
10011|33
4089|7
3186|33
10640|11
555|4
104415|34
3354|15
36413|11
3360|2
624|30
3336|24
4135|7
3249|25
10638|31
4135|25
1250|5
10330|27
10143|22
103729|4
436|14
103685|33
619|51
4879|2
4879|13
4879|11
473|51
105086|54
6243|11
7010|16
7010|2
36720|30
105083|54
3168|2
6359|11
5000|6
5000|2
5000|13
173|2
9676|20
8920|10
8920|26
7673|7
7673|22
10410|27
997|5
997|1
7525|40
7525|25
622|64
103692|10
3141|2
1411|40
1411|23
1411|29
103433|9
3174|2
2116|27
625|11
210|7
134|51
626|9
865|32
7215|2
5387|24
7738|14
3031|20
6960|16
3057|34
103861|48
2949|20
5190|13
2620|42
298|31
7428|25
476|51
318|10
318|12
103538|54
2167|35
103489|28
717|1
717|27
7495|40
7495|25
7967|31
7967|16
631|9
210|12
103863|48
210|19
103943|81
394|51
3155|20
103850|24
103865|48
1713|35
3102|14
104321|9
104325|31
280|15
278|15
10100|19
3312|30
298|34
3267|27
3270|27
3273|27
3108|34
3126|6
3237|34
632|14
192|24
3099|11
3096|11
1853|27
1853|1
7274|4
1322|5
387|24
8890|14
8890|29
8912|12
1179|23
1179|17
1179|28
7720|25
4232|7
5263|24
7070|2
4313|7
291|31
3171|17
2795|29
475|51
6499|34
679|1
679|32
4224|7
103867|48
479|51
480|51
103434|9
2620|10
1675|12
1675|23
3339|30
202|12
103539|54
36723|30
1470|23
1470|12
6774|16
1713|27
6588|16
6561|16
103686|33
6545|16
687|1
145|23
2558|10
14|36
2850|28
46|33
6294|11
152|4
10356|14
3162|2
10712|51
3180|17
292|31
637|33
5832|30
47|6
9749|19
51|14
523|31
3183|33
103869|48
7754|21
2574|10
2574|42
103871|30
571|12
10739|51
103490|28
185|33
36497|20
647|6
103730|4
343|33
36407|11
169|28
4437|11
190|4
3279|7
145|28
638|30
633|28
478|51
10593|11
9641|2
9250|14
9250|33
13|11
9366|24
10135|11
103693|10
10160|16
6880|16
36386|25
350|10
146|36
10194|16
857|5
857|21
857|15
10720|51
59|32
7290|9
7290|4
641|9
642|9
643|2
4364|25
315|14
6006|9
196|21
162|28
3147|2
4912|2
72|22
36512|30
3060|51
103834|4
3333|24
320|30
103754|38
104322|9
329|4
103756|38
431|36
443|4
446|24
488|30
578|36
609|24
630|30
104413|34
651|11
653|34
670|78
671|2
675|48
676|4
105087|54
3384|14
3231|34
105088|54
683|24
2434|10
3791|5
684|17
685|67
103836|4
103838|4
105089|54
691|26
103840|4
694|11
103687|33
36485|17
699|48
700|48
105093|54
105094|54
704|9
705|51
1870|30
103540|54
708|4
103731|4
710|24
711|24
712|34
713|24
714|31
715|24
69|4
718|24
103435|9
628|3
628|13
628|19
296|13
296|12
296|11
103842|4
768|1
482|28
482|23
598|23
1080|23
3163|20
103757|38
40|12
40|13
40|11
7894|34
729|54
105079|33
732|9
734|9
736|9
8742|13
235|20
737|11
4836|24
36729|30
105080|33
103758|38
105081|48
105090|54
3864|17
105091|54
746|51
747|51
3473|15
3287|29
1500|23
1500|17
2760|28
1497|28
2973|20
9234|30
105092|54
105095|38
105096|14
438|9
758|6
759|33
648|4
103491|28
760|33
761|9
763|4
36437|28
104326|31
665|14
639|51
1691|27
640|51
149|29
765|33
103694|10
590|31
767|9
105097|14
1365|14
771|36
3813|5
772|11
2493|10
10534|13
773|9
1705|27
10178|22
9013|28
10429|27
10097|22
9137|27
9447|8
9471|8
2183|8
3303|30
1845|1
9005|10
8882|29
8785|29
8963|11
2485|10
8696|34
9676|28
10917|27
36527|30
593|20
103377|9
225|29
103688|33
249|80
3325|80
3325|14
3325|29
103378|25
103379|30
222|51
103380|9
722|31
2620|8
2051|27
2051|15
750|1
3117|9
3204|34
4445|3
103401|9
7819|20
5000|16
103402|6
103403|33
6111|31
1870|9
1870|15
1870|6
1870|51
1870|16
1870|21
1870|26
1870|35
1870|27
1870|24
1870|31
103406|33
103407|33
10470|24
5298|24
103408|28
103409|28
103410|28
103411|28
103412|20
103732|4
103414|20
103415|20
581|4
10062|76
10186|16
103426|51
33|5
103417|20
103419|20
103427|51
103422|34
103428|51
7592|64
7584|64
7649|64
7622|64
7614|64
4259|34
4259|22
7800|64
4259|7
4259|64
7479|7
7479|22
7487|22
7509|22
7517|22
1411|80
5719|24
5700|24
8939|64
103436|9
103437|9
103438|9
103439|9
18|11
2981|20
103441|30
103442|30
103443|20
3139|20
3139|28
103448|9
103449|9
103450|9
103451|9
103452|9
103453|9
103454|9
103455|9
103456|9
103457|9
103458|9
103459|9
103460|9
103461|9
103462|9
103463|9
103464|9
103465|9
103466|9
103467|9
103468|9
103469|9
103470|9
103471|9
103472|9
103474|9
103475|9
103476|6
103387|48
103477|9
36732|30
103484|9
103483|9
498|9
575|9
381|9
103492|28
103495|4
103496|4
10747|51
2838|24
103497|48
103498|48
103499|9
2835|24
5751|3
57|28
6235|2
103502|9
103503|8
6383|34
7088|16
6634|16
103504|48
2582|10
2582|26
6537|16
103505|33
103506|48
103507|48
103508|48
6715|16
6871|16
103509|4
103510|4
103511|24
103512|9
103513|9
103514|4
103515|9
103516|9
103517|9
103518|9
103519|9
3225|34
6251|31
3222|34
3219|34
3216|34
103520|9
36377|34
3195|34
103521|54
103522|54
103523|54
103524|54
103525|54
103526|54
103527|54
103528|54
103529|54
103530|54
103531|54
103532|54
103533|54
103534|54
103541|54
603|9
104323|9
103588|22
103589|22
103590|22
103591|22
103592|22
103593|22
103594|22
103595|22
103596|22
103598|22
103599|22
103603|22
103604|22
103605|22
103398|48
103607|48
618|48
103400|48
103390|48
103391|48
103424|48
103395|48
103394|48
103405|31
103610|4
768|21
103611|12
103612|24
103613|24
57|33
57|4
103614|22
103615|80
103616|80
103617|48
103618|54
644|32
946|1
1888|1
1020|1
103620|4
103621|4
103622|4
103624|4
103625|4
103626|4
103629|4
103562|22
103564|22
103565|22
103566|22
103567|22
103568|22
103569|22
103570|22
103571|22
103572|22
103573|22
103574|22
103575|22
103577|22
103578|22
103579|22
103580|22
103581|22
103582|22
103583|22
103584|22
103585|22
103586|22
103587|22
103597|22
103601|22
103602|22
4003|17
4003|15
3252|9
208|80
103636|5
103636|9
103636|17
103636|20
103636|28
103637|48
388|48
3252|4
1535|23
1535|17
1241|5
103638|9
103639|14
103640|31
103641|14
103643|14
103644|31
103645|48
103646|48
103647|48
103648|48
103649|48
103650|48
103651|48
103553|4
3716|5
3716|15
400|5
103652|12
103653|12
103654|80
103655|4
103656|4
2847|24
103658|4
103659|9
103660|9
103661|9
103662|9
103663|14
103664|14
103665|14
103666|14
103667|14
103668|14
103669|14
103670|14
103671|14
103672|14
103673|14
103674|14
103679|14
103680|14
103678|9
103675|9
103676|9
103677|9
595|20
596|20
599|20
602|20
103681|9
3457|15
2853|24
103733|31
36476|29
36476|80
103698|33
103699|33
103700|33
103701|9
103704|9
103705|9
103706|9
103707|9
103708|9
103709|9
103710|9
103711|9
103712|9
103404|4
103713|14
103714|9
103716|28
8|3
103554|4
103718|33
103719|33
103609|4
103720|23
103721|33
103722|33
103723|33
103724|33
557|31
170|28
103734|54
624|24
624|48
36380|28
103735|54
103736|54
103737|54
103738|54
103739|31
103740|22
103389|48
2426|10
2272|32
103741|19
103742|19
103743|54
103744|54
103745|54
103746|54
103747|54
2094|35
103748|54
1101|23
103749|30
36455|30
36449|30
36446|30
103750|30
103755|38
103752|38
103751|38
103753|38
4984|13
2612|26
4933|19
103759|38
103760|38
3066|20
103761|38
103762|38
103763|38
103764|38
103765|38
6|38
103766|38
103767|38
103768|38
103769|38
103770|38
103771|38
103772|38
103773|38
103774|38
36464|11
103776|2
103779|2
103781|6
103782|27
3240|17
103783|57
103784|57
103785|57
103384|48
103385|48
103786|57
103787|7
2736|28
2728|28
103835|4
104207|9
103425|51
410|14
103799|9
103798|33
105098|16
105130|31
4690|3
103803|33
103802|33
217|24
144|51
392|51
62|51
103804|51
103805|51
103806|51
103807|51
430|51
390|51
103808|51
103809|51
103810|24
103811|48
10810|51
103812|31
103813|31
103815|9
103429|51
103831|48
103837|4
103832|48
103833|48
103548|4
103552|4
103558|4
103559|4
103560|4
103816|30
103839|4
103841|4
103819|4
103820|4
103821|4
103860|51
5492|24
103551|4
103547|4
103549|4
103550|4
103555|4
103556|4
103557|4
103827|6
103828|6
103843|4
103844|4
103845|4
103846|4
4844|13
103847|10
141|3
103851|4
103852|4
103853|4
103854|4
9650|30
103855|30
103856|30
103857|30
103858|30
103859|30
103862|48
103864|48
103866|48
103868|48
103870|30
103872|30
103873|30
103874|30
103875|30
103876|30
103878|9
103879|9
103880|9
103881|9
103882|9
103883|24
103883|48
103884|30
103885|30
103886|30
52|7
103887|26
103888|26
103889|64
103890|4
103891|4
103892|4
103893|4
10623|11
103896|33
103897|22
103898|22
103899|22
103900|20
103902|48
326|12
103905|5
103930|31
103906|2
103907|64
621|64
103909|64
103910|64
103911|30
103912|30
6480|34
6413|34
6472|34
103914|6
103915|6
103916|6
103917|6
103918|6
103919|4
103920|22
103931|31
103932|31
103933|31
103934|31
103935|31
103936|31
103937|31
103968|25
103969|25
103971|4
103972|4
103973|4
103974|4
103975|4
103976|4
103978|9
103979|9
103980|9
103981|9
103982|9
103983|9
103984|48
103994|22
103995|22
63|5
103998|1
103999|4
104000|4
103399|48
103388|48
103386|48
103397|48
103814|48
36488|17
103829|31
103830|31
104001|4
104002|4
104003|4
104004|4
104005|4
104007|9
104009|24
104011|16
104013|16
36557|51
104015|5
104016|5
104017|51
104018|51
104019|51
104020|51
104021|8
66|9
104022|17
104023|6
104024|48
104025|26
3260|14
104027|48
104028|48
104029|51
104030|51
104031|51
104026|48
104032|31
104033|51
104034|51
104035|51
104036|51
104038|48
36663|30
5395|48
104047|22
103400|24
103908|64
104039|48
104040|48
104041|48
104042|48
104043|48
104044|48
3260|4
104046|48
104048|22
104050|51
104051|24
104052|27
104053|27
1004|27
3260|33
3260|51
3260|22
3260|80
104055|22
104056|22
104057|22
104058|22
104059|22
104060|22
104061|22
104062|22
104063|22
104064|22
104065|22
104066|22
104067|22
104068|22
104069|22
104070|22
104071|22
104072|22
104074|2
104075|2
88|20
104077|30
2590|10
104079|51
104080|48
104081|48
104082|48
104083|48
104084|48
104085|48
104086|48
104087|48
104088|48
104089|48
104090|48
104091|48
104092|48
104093|48
104094|48
104095|48
104096|48
104097|48
104098|48
104099|48
104100|48
104101|48
104102|48
104103|48
104104|48
104105|48
104106|48
104107|48
104108|48
104109|48
104110|48
104111|48
104112|48
104113|48
104114|48
104115|48
104116|48
104117|48
104118|48
104119|48
104120|48
104121|48
104122|48
104123|48
104124|48
104125|9
104126|9
104127|9
104128|9
104129|9
104130|9
104131|9
104132|9
104133|9
104134|9
104135|9
104136|9
104137|9
36419|34
36422|34
3207|34
36383|34
104139|27
104140|27
6170|11
104141|48
104054|33
104142|48
104143|9
3252|30
104144|22
104145|22
104146|22
104147|22
104148|22
104149|22
104150|22
104151|22
104152|22
104153|22
104154|9
104155|20
104156|51
104157|32
104159|11
3045|11
104164|30
104165|30
104166|30
104167|30
104168|30
104169|30
104170|30
104171|30
104172|30
104173|30
104174|30
104175|30
104176|30
104177|30
104178|30
104179|30
104180|30
104181|30
104182|31
104183|31
104184|31
104185|31
104186|31
104187|31
104188|31
104189|31
104191|30
104190|30
410|4
104192|34
136|33
474|23
104194|48
104195|48
104196|48
104197|48
104198|48
104200|48
104203|48
104208|9
462|31
103822|48
103823|48
103824|48
103797|48
103788|48
103796|48
103789|48
103790|48
103791|48
103792|48
103793|48
103826|48
103794|48
103795|48
104209|9
104210|9
104211|34
104212|48
104213|48
104214|48
104215|48
104216|48
104226|34
104227|34
104228|34
1365|33
103717|33
2832|48
36666|30
36696|30
36708|30
104229|48
104230|48
104231|48
104232|54
189|16
9692|2
212|76
373|14
277|14
10291|22
3114|9
103689|10
103692|10
103695|10
103696|10
333|11
104160|14
104161|14
104162|14
104163|14
296|16
103561|22
103563|22
103576|22
103600|22
104243|9
103635|80
104245|22
104246|31
2|7
104264|9
104265|9
104266|9
104267|9
104268|9
104269|9
104270|9
104271|9
104272|9
104273|9
2477|10
104274|9
104275|31
104276|31
104277|31
104278|31
104279|31
104280|31
104281|31
104282|31
104283|31
104284|31
104285|31
104286|31
104287|31
104288|31
104289|31
104290|31
104291|31
104292|31
104293|31
104294|31
104295|31
104296|31
104297|31
104298|31
104299|31
104300|31
104301|31
104302|31
104303|31
104304|31
104306|31
104307|31
104308|31
104309|31
104310|31
104311|31
197|33
104414|34
104073|22
104327|31
104328|4
104329|33
104330|33
104331|33
104332|33
104334|30
104335|30
104336|30
104337|30
104338|30
104339|30
104340|30
104341|30
104342|30
104343|30
104344|30
104345|30
104346|30
104347|30
104348|30
104349|30
104350|30
104351|30
104352|30
104353|30
104354|30
104355|30
104356|30
104333|44
104357|51
104358|51
104359|51
104360|51
104361|51
104362|51
104363|51
104364|51
104365|9
104366|9
104367|9
104416|34
104369|9
104370|9
104371|9
104372|9
104373|9
104374|9
104375|9
104376|9
104368|9
104240|24
104378|34
104382|34
104379|34
104380|34
104381|34
104383|34
104384|34
104385|34
104386|34
104387|34
104388|34
104389|34
104390|51
104393|44
104394|44
104395|44
104396|44
104397|44
104398|44
104399|44
104400|44
104401|44
104402|44
104403|44
104404|44
104405|44
104406|44
104407|44
104408|44
104409|44
104410|44
104411|44
104417|34
104418|34
104419|34
104420|34
104421|34
104422|34
104423|34
104424|34
104425|34
104426|11
104427|11
104078|16
2159|35
104428|80
104430|22
104435|4
104436|31
104437|31
104438|31
104439|31
104440|31
104441|31
104442|31
104443|9
104444|9
104445|9
104446|9
104447|9
104448|9
104449|9
104432|30
104431|30
104433|30
104434|30
104450|14
104451|14
104452|14
104453|14
104454|14
104455|14
104456|14
104457|14
104458|14
104467|44
104468|4
104469|54
104470|22
104472|51
104473|24
104474|24
104475|15
104478|9
104479|9
104480|9
104481|24
104482|24
104483|51
104484|9
104486|24
104487|80
104491|48
104492|48
104493|48
104494|48
104495|48
104496|31
104497|31
104498|31
104501|24
104505|24
104511|34
104512|34
104513|34
104514|34
104515|4
104516|4
104517|4
104518|4
104519|4
104520|4
104521|4
104522|4
104523|4
104524|4
104525|24
104527|48
104528|48
104529|48
104392|48
104536|4
104530|24
104532|24
104533|24
104534|24
104535|24
104537|80
104538|80
104539|80
104540|31
104541|31
104542|31
104543|31
104544|31
104545|31
104471|9
104546|51
104548|34
104549|34
104550|34
104551|34
104552|34
104553|34
104554|34
104555|34
104556|34
104557|34
104558|34
104559|34
104560|34
104561|34
104562|34
104563|34
104564|34
104565|34
104566|34
104567|34
104568|34
104569|34
104570|34
104571|31
104572|14
104573|14
104574|14
104575|14
104576|14
104577|14
104578|14
104579|14
104580|14
104581|14
104582|14
104583|14
104476|51
104584|51
104585|6
104585|10
104585|26
104391|9
104587|81
104589|81
104590|81
104591|81
104592|81
104593|81
104602|28
104603|28
104604|58
104605|58
104606|58
104607|31
104608|31
104609|31
104610|31
104611|31
104612|31
104613|31
5883|9
104614|24
104615|31
104616|31
104617|34
104618|34
104619|34
104620|34
104621|34
104622|34
104623|34
104625|34
104626|34
104627|34
104628|34
104629|34
104630|34
104631|34
104632|34
104633|34
104634|34
104635|34
104636|34
104637|34
104638|34
104639|34
104640|34
104641|34
104646|38
104647|9
104648|9
104649|9
104650|9
104651|9
104652|9
104653|9
104654|9
104645|11
104678|51
104710|31
104706|31
104705|31
104704|31
104709|31
104707|31
104708|31
104701|31
104700|31
104721|31
104722|48
104750|38
104711|48
104712|48
104713|48
104714|48
104715|48
104716|48
104717|48
104718|48
104719|48
104720|48
104751|30
104644|11
104752|14
104753|48
104754|48
104755|48
104756|2
104758|2
104760|24
104761|9
104762|38
104765|51
104766|30
104767|4
104768|4
104769|80
104770|33
104771|33
104242|9
104772|31
104773|31
104774|31
9161|8
104776|48
104777|9
104778|16
104779|16
104780|16
104781|16
104803|33
104782|80
104783|80
104784|80
104785|80
104786|80
104787|80
104788|80
104789|80
104790|80
104791|80
104792|80
104793|80
104794|80
104795|80
104796|80
104797|80
104798|80
104799|80
104800|80
104801|80
104802|80
104804|22
104805|22
104806|9
104807|51
104809|2
104775|31
104812|34
103629|83
104813|34
3252|84
103628|84
103627|84
103623|84
103657|84
103478|84
103480|84
103473|84
103481|84
103482|84
103479|84
103606|84
103631|84
103630|84
103633|84
103632|84
104488|84
104489|84
104490|84
104206|84
104507|84
104508|84
104509|84
104510|84
104076|84
104643|84
103904|84
104702|84
104703|84
104241|84
104500|84
104485|84
104499|84
104810|84
104503|84
104502|84
104504|84
528|83
528|4
69|83
363|83
443|83
103629|84
8807|85
352|85
36575|85
285|85
220|85
447|85
103381|85
413|85
201|85
414|85
279|85
118|85
103903|85
103894|85
9730|85
103383|85
103895|85
104814|31
1870|85
104138|85
104263|85
104248|85
104262|85
104261|85
104256|85
104247|85
104249|85
104250|85
104251|85
104252|85
104253|85
104254|85
104255|85
104257|85
104258|85
104259|85
104260|85
104815|84
104816|84
104817|85
104818|1
104819|9
104820|38
103778|2
103703|9
103913|34
104526|24
104586|34
10755|51
10763|51
104821|48
104822|48
104823|48
104824|48
103543|54
103544|54
103702|9
104642|9
104763|33
104764|16
104811|26
104825|51
104826|51
104827|51
104828|51
104829|12
104830|51
104831|51
104832|51
104833|51
104834|51
104835|51
104836|51
104837|51
104838|84
104839|84
104840|84
104841|31
104842|31
104843|31
104844|31
104845|31
104847|31
104848|31
104849|31
104850|31
104851|31
104852|31
104853|31
104854|31
104855|31
104856|31
104858|9
103500|9
104859|31
104860|80
104861|4
104862|4
104863|4
104864|4
104865|4
104866|4
104867|34
104867|22
104759|34
104869|8
104870|11
104871|38
104872|4
104873|4
104874|30
104875|57
104876|84
104877|84
104878|31
104879|31
104880|31
104881|31
104882|31
104883|31
104884|31
104885|31
104886|31
104887|31
104888|31
104889|31
104890|31
104891|31
104892|31
104893|84
104894|84
104895|11
104896|31
104897|31
104899|31
104900|84
104901|84
104902|9
104903|6
104911|48
104904|88
104905|88
104906|88
104907|88
104908|88
104909|88
104910|88
104912|48
104913|48
105021|9
105020|84
105016|24
105000|31
105001|31
105002|31
105003|31
105004|31
105005|31
105006|31
105007|31
105008|31
105009|31
105010|31
105011|31
105012|31
105013|31
105014|31
105015|31
105017|24
105018|24
105019|24
1608|29
105022|5
105023|31
105024|9
105025|31
105026|31
105027|31
105028|31
105029|31
105030|31
105031|31
105032|31
8602|7
105034|48
105035|48
105036|48
105037|48
105038|48
105039|48
105040|48
105041|48
105042|48
105043|48
105044|48
105045|48
105046|48
105047|48
105048|48
105049|48
105050|48
105051|48
105052|48
105053|48
105054|48
105055|48
105056|48
105057|48
105058|48
105059|48
105060|48
105061|48
105062|48
105063|48
105064|48
105065|48
105072|9
105067|22
105068|22
105069|22
105070|22
105071|22
105074|11
104666|38
103800|14
103800|33
103801|33
105099|51
105100|51
105101|51
105102|51
105103|51
105104|51
105105|51
105106|51
105107|51
105108|51
105109|51
105110|51
105111|51
105112|51
105113|51
105114|51
105115|51
105116|51
105117|51
105118|51
105119|51
105120|51
105121|51
105123|51
105124|51
105125|51
105126|51
105127|51
105128|51
105129|51
105131|51
105132|51
105133|51
105134|51
105135|51
105136|51
105137|51
105138|51
105139|51
105140|51
105141|51
105142|51
105143|51
105122|51
105144|48
105147|51
105145|51
105146|51
105148|51
105149|51
105150|51
105151|51
105152|51
105153|51
105154|44
105156|84
105157|30
104999|44
105155|9
105158|9
105159|9
105160|9
105161|58
105162|9
105164|83
105165|51
103993|82
2175|8
105166|9
268|24
598|28
105167|30
105168|30
105169|30
105170|30
105171|30
105172|30
105173|58
105174|38
105175|82
105176|14
105177|19
1870|81
103772|84
176|36
3|84
3252|36
410|36
105179|48
105178|31
105178|34
103385|77
1870|6
296|12
1691|27
37|12
120|44
920|12
522|36
82|41
591|36
211|36
120|54
138|54
218|36
22|36
533|36
42|84
36363|34
3783|31
105180|82
624|48
105181|71
323|24
2108|16
587|4
103768|22
116|34
172|19
396|48
103479|4
40|34
40|3
105098|2
9|23
4097|7
511|36
485|12
105182|51
365|81
3|36
213|29
1870|38
474|12
103408|28
104568|30
146|38
526|38
10054|14
31|70
903|58
105183|4
105184|4
105185|4
105186|4
105187|4
105188|4
103763|58
288|36
351|81
305|36
1870|36
103883|84
110|12
103621|36
240|36
516|36
218|77
215|71
37|36
526|12
276|9
9188|51
9200|48
571|48
2043|15
124|33
3252|15
881|32
9420|8
830|21
849|12
39|5
104055|14
654|14
2310|35
628|26
962|27
7673|64
119|9
3252|20
9200|33
8734|14
380|8
104144|38
962|8
4526|12
172|12
104604|1
105189|58
9200|4
264|22
3252|9
2035|14
167|80
355|36
890|1
103607|12
34|19
34|7
4933|34
6928|2
105190|48
105191|88
105192|48
105193|9
105194|28
105195|24
105195|30
4224|76
727|8
16|12
105196|88
105197|30
339|36
361|14
105198|84
371|9
105199|88
103945|81
103946|81
105214|48
105215|48
105216|9
105217|4
105218|4
105219|4
105220|4
105221|4
105200|51
105201|51
105202|51
105203|51
105204|51
105205|51
105207|51
105208|51
105209|24
105210|24
105211|24
105212|24
105213|24
105222|4
105223|4
105224|4
105225|4
105226|4
105227|4
105228|4
105229|4
105230|4
105231|4
105232|4
105233|4
105234|9
